<?xml version='1.0' encoding='utf-8'?>
<TIERS xmlns:xsi="http://www.w3.org/2001/XMLSchema-instance" xsi:noNamespaceSchemaLocation="file:avatech-tiers.xsd">
	<TIER columns="AUs">
		<span end="0.033" start="0.0">
			<v>0+0</v>
		</span>
		<span end="0.067" start="0.033">
			<v>0+0</v>
		</span>
		<span end="0.1" start="0.067">
			<v>0+0</v>
		</span>
		<span end="0.133" start="0.1">
			<v>0+0</v>
		</span>
		<span end="0.167" start="0.133">
			<v>0+0</v>
		</span>
		<span end="0.2" start="0.167">
			<v>0+0</v>
		</span>
		<span end="0.233" start="0.2">
			<v>0+0</v>
		</span>
		<span end="0.267" start="0.233">
			<v>0+0</v>
		</span>
		<span end="0.3" start="0.267">
			<v>0+0</v>
		</span>
		<span end="0.333" start="0.3">
			<v>0+0</v>
		</span>
		<span end="0.367" start="0.333">
			<v>0+0</v>
		</span>
		<span end="0.4" start="0.367">
			<v>4+42+25+27</v>
		</span>
		<span end="0.433" start="0.4">
			<v>0+0</v>
		</span>
		<span end="0.467" start="0.433">
			<v>0+0</v>
		</span>
		<span end="0.5" start="0.467">
			<v>0+0</v>
		</span>
		<span end="0.533" start="0.5">
			<v>0+0</v>
		</span>
		<span end="0.567" start="0.533">
			<v>0+0</v>
		</span>
		<span end="0.6" start="0.567">
			<v>0+0</v>
		</span>
		<span end="0.633" start="0.6">
			<v>0+0</v>
		</span>
		<span end="0.667" start="0.633">
			<v>0+0</v>
		</span>
		<span end="0.7" start="0.667">
			<v>0+0</v>
		</span>
		<span end="0.733" start="0.7">
			<v>0+0</v>
		</span>
		<span end="0.767" start="0.733">
			<v>0+0</v>
		</span>
		<span end="0.8" start="0.767">
			<v>0+0</v>
		</span>
		<span end="0.833" start="0.8">
			<v>0+0</v>
		</span>
		<span end="0.867" start="0.833">
			<v>0+0</v>
		</span>
		<span end="0.9" start="0.867">
			<v>0+0</v>
		</span>
		<span end="0.933" start="0.9">
			<v>0+0</v>
		</span>
		<span end="0.967" start="0.933">
			<v>0+0</v>
		</span>
		<span end="1.0" start="0.967">
			<v>0+0</v>
		</span>
		<span end="1.033" start="1.0">
			<v>0+0</v>
		</span>
		<span end="1.067" start="1.033">
			<v>0+0</v>
		</span>
		<span end="1.1" start="1.067">
			<v>0+0</v>
		</span>
		<span end="1.133" start="1.1">
			<v>0+0</v>
		</span>
		<span end="1.167" start="1.133">
			<v>0+0</v>
		</span>
		<span end="1.2" start="1.167">
			<v>0+0</v>
		</span>
		<span end="1.233" start="1.2">
			<v>0+0</v>
		</span>
		<span end="1.267" start="1.233">
			<v>0+0</v>
		</span>
		<span end="1.3" start="1.267">
			<v>0+0</v>
		</span>
		<span end="1.333" start="1.3">
			<v>0+0</v>
		</span>
		<span end="1.367" start="1.333">
			<v>0+0</v>
		</span>
		<span end="1.4" start="1.367">
			<v>0+0</v>
		</span>
		<span end="1.433" start="1.4">
			<v>4+22+26</v>
		</span>
		<span end="1.467" start="1.433">
			<v>4+22+26</v>
		</span>
		<span end="1.5" start="1.467">
			<v>4+25+27</v>
		</span>
		<span end="1.534" start="1.5">
			<v>0+0</v>
		</span>
		<span end="1.567" start="1.534">
			<v>0+0</v>
		</span>
		<span end="1.6" start="1.567">
			<v>4+22+26</v>
		</span>
		<span end="1.634" start="1.6">
			<v>4+25+27</v>
		</span>
		<span end="1.667" start="1.634">
			<v>0+0</v>
		</span>
		<span end="1.7" start="1.667">
			<v>0+0</v>
		</span>
		<span end="1.734" start="1.7">
			<v>0+0</v>
		</span>
		<span end="1.767" start="1.734">
			<v>0+0</v>
		</span>
		<span end="1.8" start="1.767">
			<v>0+0</v>
		</span>
		<span end="1.834" start="1.8">
			<v>0+0</v>
		</span>
		<span end="1.867" start="1.834">
			<v>0+0</v>
		</span>
		<span end="1.9" start="1.867">
			<v>0+0</v>
		</span>
		<span end="1.934" start="1.9">
			<v>0+0</v>
		</span>
		<span end="1.967" start="1.934">
			<v>0+0</v>
		</span>
		<span end="2.0" start="1.967">
			<v>0+0</v>
		</span>
		<span end="2.034" start="2.0">
			<v>0+0</v>
		</span>
		<span end="2.067" start="2.034">
			<v>0+0</v>
		</span>
		<span end="2.1" start="2.067">
			<v>0+0</v>
		</span>
		<span end="2.134" start="2.1">
			<v>0+0</v>
		</span>
		<span end="2.167" start="2.134">
			<v>0+0</v>
		</span>
		<span end="2.2" start="2.167">
			<v>0+0</v>
		</span>
		<span end="2.234" start="2.2">
			<v>0+0</v>
		</span>
		<span end="2.267" start="2.234">
			<v>0+0</v>
		</span>
		<span end="2.3" start="2.267">
			<v>0+0</v>
		</span>
		<span end="2.334" start="2.3">
			<v>0+0</v>
		</span>
		<span end="2.367" start="2.334">
			<v>0+0</v>
		</span>
		<span end="2.4" start="2.367">
			<v>0+0</v>
		</span>
		<span end="2.434" start="2.4">
			<v>0+0</v>
		</span>
		<span end="2.467" start="2.434">
			<v>0+0</v>
		</span>
		<span end="2.5" start="2.467">
			<v>0+0</v>
		</span>
		<span end="2.534" start="2.5">
			<v>0+0</v>
		</span>
		<span end="2.567" start="2.534">
			<v>0+0</v>
		</span>
		<span end="2.6" start="2.567">
			<v>0+0</v>
		</span>
		<span end="2.634" start="2.6">
			<v>0+0</v>
		</span>
		<span end="2.667" start="2.634">
			<v>0+0</v>
		</span>
		<span end="2.7" start="2.667">
			<v>0+0</v>
		</span>
		<span end="2.734" start="2.7">
			<v>0+0</v>
		</span>
		<span end="2.767" start="2.734">
			<v>0+0</v>
		</span>
		<span end="2.8" start="2.767">
			<v>0+0</v>
		</span>
		<span end="2.834" start="2.8">
			<v>0+0</v>
		</span>
		<span end="2.867" start="2.834">
			<v>0+0</v>
		</span>
		<span end="2.9" start="2.867">
			<v>0+0</v>
		</span>
		<span end="2.934" start="2.9">
			<v>0+0</v>
		</span>
		<span end="2.967" start="2.934">
			<v>0+0</v>
		</span>
		<span end="3.0" start="2.967">
			<v>0+0</v>
		</span>
		<span end="3.034" start="3.0">
			<v>0+0</v>
		</span>
		<span end="3.067" start="3.034">
			<v>0+0</v>
		</span>
		<span end="3.1" start="3.067">
			<v>0+0</v>
		</span>
		<span end="3.134" start="3.1">
			<v>0+0</v>
		</span>
		<span end="3.167" start="3.134">
			<v>0+0</v>
		</span>
		<span end="3.2" start="3.167">
			<v>0+0</v>
		</span>
	</TIER>
</TIERS>